1;00.13;INYECCION NESIRITIDE
2;00.14;INYECCION ANTIBIOTICO CLASE OXAZOLIDIONA
3;00.17;INFUSON AGENTE VASOPRESOR
4;00.40;PROCEDIMIENTO UN SOLO VASO
5;00.41;PROCEDIMIENTO DOS VASOS
6;00.42;PROCEDIMIENTO TRES VASOS
7;00.43;PROCEDIMIENTO CUATRO O MAS VASOS
8;00.45;INSERCION ENDOPROTESIS VASCULAR UNICA
9;00.46;INSERCION ENDOPROTESIS VASCULAR DOBLE
10;00.48;INSERCION ENDORPOTESIS VASCULAR CUATRO O MAS
11;00.51;IMPLANTACION MARCAPASOS RESINCRONIZACION CARDIACA CON DESFIBRILADOR
12;00.66;ANGIOPLASTIA CORONARIA TRANSLUMINAL PERCUTANEA (ACTP) O ATERECTOMIA
13;01.02;PUNCION VENTRICULO CEREBRO POR CATETER IMPLANTADO
14;03.31;PUNCION LUMBAR
15;03.90;INSERCION CATETER PARA INFUSION TERAPEUTICA CANAL ESPINAL
16;03.91;INYECCION ANESTESICO CANAL ESPINAL PARA ANALGESIA
17;03.95;PARCHE HEMATICO ESPINAL
18;04.12;BIOPSIA NERVIO O GANGLIO CRANEAL O PERIFERICO OTRA
19;04.79;NEUROPLASTIA OTRA
20;06.2;HEMITIROIDECTOMIA
21;06.99;OPERACION GLANDULA PARATIROIDES OTRA
22;07.22;SUPRARRENALECTOMIA UNILATERAL
23;08.70;RECONSTRUCCION PARPADO NEOM
24;12.12;IRIDOTOMIA OTRA
25;16.21;OFTALMOSCOPIA
26;16.39;EVISCERACION GLOBO OJO.OTRA
27;16.82;REPARACION GLOBO OJO ROTO
28;16.99;OPERACION GLOBO OJO OTRA
29;17.32;CECECTOMIA LAPAROSCOPICA
30;17.33;HEMICOLECTOMIA DERECHA LAPAROSCOPICA
31;17.34;RESECCION COLON TRANSVERSO LAPAROSCOPICA
32;17.35;HEMICOLECTOMIA IZQUIERDA LAPAROSCOPICA
33;17.36;SIGMOIDECTOMIA LAPAROSCOPICA
34;18.11;OTOSCOPIA
35;18.79;REPARACION OIDO EXTERNO PLASTICA.OTRA
36;21.00;CONTROL EPISTAXIS.NEOM
37;21.01;TAPONAMIENTO NARIZ ANTERIOR EPISTAXIS
38;21.02;TAPONAMIENTO NARIZ POSTERIOR EPISTAXIS
39;21.81;SUTURA NARIZ
40;21.85;RINOPLASTIA DE AUMENTO
41;21.87;RINOPLASTIA OTRA
42;23.01;EXTRACCION DIENTE LECHE
43;23.09;EXTRACCION DIENTE.OTRA
44;23.19;EXTRACCION DIENTE QUIRURGICA.OTRA
45;23.5;IMPLANTE DIENTE
46;27.0;DRENAJE CARA Y SUELO BOCA
47;27.49;ESCISION BOCA.OTRA
48;27.52;SUTURA BOCA OTRA
49;28.0;INCISION AMIGDALA Y PERIAMIGDALA Y DRENAJE
50;29.51;SUTURA FARINGE
51;31.1;TRAQUEOSTOMIA TEMPORAL
52;31.29;TRAQUEOSTOMIA PERMANENTE.OTRA
53;31.42;LARINGOSCOPIA Y TRAQUEOSCOPIA OTRA
54;31.71;SUTURA TRAQUEA
55;32.29;ESCISION PULMON LOCAL.OTRA
56;32.30;RESECCION PULMON SEGMENTARIA.TORACOSCOPICA
57;33.1;INCISION PULMON
58;33.22;BRONCOSCOPIA FLEXIBLE
59;33.23;BRONCOSCOPIA OTRA
60;33.24;BIOPSIA BRONQUIO CERRADA [ENDOSCOPICA]
61;33.28;BIOPSIA PULMON ABIERTA
62;33.43;SUTURA PULMON
63;33.99;OPERACION PULMON OTRA
64;34.02;TORACOTOMIA EXPLORATORIA
65;34.04;INTUBACION INTERCOSTAL PARA DRENAJE
66;34.06;DRENAJE TORACOSCOPICO CAVIDAD PLEURAL
67;34.09;INCISION PLEURA OTRA
68;34.20;BIOPSIA PLEURA TORACOSCOPICA
69;34.24;BIOPSIA PLEURA
70;34.51;DECORTICACION PULMON
71;34.52;DECORTICACION PULMON TORACOSCOPICA
72;34.6;ESCARIFICACION PLEURA
73;34.71;SUTURA PARED TORAX
74;34.73;CIERRE FISTULA TORAX OTRA
75;34.82;SUTURA DIAFRAGMA
76;34.84;REPARACION DIAFRAGMA OTRA
77;34.89;OPERACION DIAFRAGMA.OTRA
78;34.91;TORACOCENTESIS
79;36.06;INSERCION STENT ARTERIAL NO CORONARIO SIN LIBERACION MEDICAMENTO
80;36.07;INSERCION STENT ARTERIAL CORONARIO CON LIBERACION MEDICAMENTO
81;37.0;PERICARDIOCENTESIS
82;37.12;PERICARDIOTOMIA
83;37.20;ESTIMULACION ELECTRICA PROGRAMADA NO INVASIVA (NIPS)
84;37.24;BIOPSIA PERICARDIO
85;37.49;REPARACION CORAZON Y PERICARDIO.OTRA
86;37.71;IMPLANTACION ELECTRODO MARCAPASOS VENTRICULO
87;37.72;IMPLANTACION ELECTRODO MARCAPASOS AURICULA Y VENTRICULO
88;37.75;REVISION ELECTRODO MARCAPASOS
89;37.76;SUSTITUCION ELECTRODO MARCAPASOS AURICULA Y VENTRICULO
90;37.78;IMPLANTACION MARCAPASOS TRANSVENOSO TEMPORAL
91;37.80;IMPLANTACION MARCAPASOS PERMANENTE NEOM
92;37.81;IMPLANTACION MARCAPASOS CAMARA UNICA NEOM
93;37.82;IMPLANTACION MARCAPASOS CAMARA UNICA RITMO SENSIBLE
94;37.83;IMPLANTACION MARCAPASOS CAMARA DOBLE
95;37.87;SUSTITUCION MARCAPASOS CAMARA DOBLE
96;37.94;IMPLANTACION CARDIOVERSOR/DESFIBRILADOR AUTOMATICO [AICD]
97;38.08;INCISION ARTERIA MIEMBRO INFERIOR
98;38.67;ESCISION VENA ABDOMEN OTRA
99;38.80;OCLUSION QUIRURGICA VASO SANGUINEO NEOM OTRA
100;38.83;OCLUSION VASO MIEMBRO SUPERIOR OTRA
101;38.86;OCLUSION ARTERIA ABDOMEN OTRA
102;38.87;OCLUSION VENA ABDOMEN OTRA
103;38.88;OCLUSION ARTERIA MIEMBRO INFERIOR OTRA
104;38.89;OCLUSION QUIRURGICA VENA MIEMBRO INFERIOR OTRA
105;38.91;CATETERISMO ARTERIA
106;38.92;CATETERISMO VENA UMBILICAL
107;38.93;CATETERISMO VENA OTRO
108;38.95;CATETERISMO VENA PARA DIALISIS RIÑON
109;38.97;COLOCACION CATETER VENOSO CENTRAL MEDIANTE GUIADO
110;38.99;PUNCION VENA OTRA
111;39.29;DERIVACION VASCULAR (PERIFERICA) OTRA
112;39.30;SUTURA VASO SANGUINEO.NEOM
113;39.31;SUTURA ARTERIA
114;39.32;SUTURA VENA
115;39.53;REPARACION FISTULA ARTERIOVENOSA
116;39.59;REPARACION VASO SANGUINEO.OTRA
117;39.95;HEMODIALISIS
118;39.98;CONTROL HEMORRAGIA NEOM
119;39.99;OPERACION VASO SANGUINEO.OTRA
120;40.0;INCISION GANGLIO Y VASO LINFATICO
121;40.11;BIOPSIA GANGLIO Y VASO LINFATICO
122;40.19;PROCEDIMIENTO DIAGNOSTICO GANGLIO Y VASO LINFATICO.OTRO
123;40.23;ESCISION GANGLIO LINFATICO AXILAR
124;40.24;ESCISION GANGLIO LINFATICO INGUINAL
125;40.29;ESCISION GANGLIO Y VASO LINFATICO.OTRA
126;40.3;ESCISION GANGLIO LINFATICO REGIONAL
127;40.50;ESCISION GANGLIO LINFATICO NEOM RADICAL
128;40.51;ESCISION GANGLIO LINFATICO AXILAR RADICAL
129;40.59;ESCISION GANGLIO LINFATICO RADICAL.OTRO
130;41.1;PUNCION BAZO
131;41.43;ESPLENECTOMIA PARCIAL
132;41.5;ESPLENECTOMIA TOTAL
133;41.95;REPARACION BAZO
134;42.23;ESOFAGOSCOPIA OTRA
135;42.24;BIOPSIA ESOFAGO CERRADA [ENDOSCOPICA]
136;42.25;BIOPSIA ESOFAGO ABIERTA
137;42.33;ESCISION ESOFAGO LOCAL ENDOSCOPICA
138;42.40;ESOFAGECTOMIA NEOM
139;42.42;ESOFAGECTOMIA TOTAL
140;42.52;ESOFAGOGASTROSTOMIA INTRATORACICA
141;42.53;ANASTOMOSIS ESOFAGO INTRATORACICA CON INTESTINO DELGADO
142;42.54;ESOFAGOENTEROSTOMIA INTRATORACICA OTRA
143;42.59;ANASTOMOSIS ESOFAGO INTRATORACICA.OTRA
144;42.81;INTUBACION ESOFAGO PERMANENTE
145;42.82;SUTURA ESOFAGO
146;42.89;REPARACION ESOFAGO.OTRA
147;42.92;DILATACION ESOFAGO
148;42.99;OPERACION ESOFAGO.OTRA
149;43.0;GASTROTOMIA
150;43.11;GASTROSTOMIA PERCUTANEA ENDOSCOPICA [PEG]
151;43.19;GASTROSTOMIA.OTRA
152;43.41;ESCISION ESTOMAGO LOCAL.ENDOSCOPICA
153;43.7;GASTRECTOMIA PARCIAL CON ANASTOMOSIS A YEYUNO
154;43.82;GASTRECTOMIA LAPAROSCOPICA VERTICAL (TUBULAR)
155;43.89;GASTRECTOMIA PARCIAL ABIERTA Y OTRA
156;43.99;GASTRECTOMIA TOTAL.OTRA
157;44.13;GASTROSCOPIA OTRA
158;44.14;BIOPSIA ESTOMAGO ENDOSCOPICA POR CEPILLADO
159;44.15;BIOPSIA ESTOMAGO OTRA
160;44.29;PILOROPLASTIA OTRA
161;44.31;DERIVACION ESTOMAGO PROXIMAL
162;44.38;GASTROENTEROSTOMIA LAPAROSCOPICA
163;44.39;GASTROENTEROSTOMIA.OTRA
164;44.40;SUTURA ULCERA PEPTICA NEOM
165;44.41;SUTURA ULCERA ESTOMAGO
166;44.42;SUTURA ULCERA DUODENO
167;44.43;CONTROL ENDOSCOPICO HEMORRAGIA ESTOMAGO O DUODENO
168;44.61;SUTURA ESTOMAGO
169;44.64;GASTROPEXIA
170;44.67;CREACION COMPETENCIA ESFINTER GASTROESOFAGICO LAPAROSCOPICA
171;44.69;REPARACION ESTOMAGO.OTRA
172;44.93;INSERCION BURBUJA ESTOMAGO (BALON)
173;44.95;PROCEDIMIENTO GASTRICO RESTRICTIVO LAPAROSCOPICO
174;44.99;OPERACION ESTOMAGO.OTRA
175;45.01;INCISION DUODENO
176;45.02;INCISION INTESTINO DELGADO OTRA
177;45.13;ESOFAGOGASTRODUODENOSCOPIA [EGD]
178;45.14;BIOPSIA INTESTINO DELGADO CERRADA [ENDOSCOPICA]
179;45.16;ESOFAGOGASTRODUODENOSCOPIA [EGD] CON BIOPSIA
180;45.23;COLONOSCOPIA FLEXIBLE
181;45.25;BIOPSIA INTESTINO GRUESO CERRADA [ENDOSCOPICA]
182;45.33;ESCISION INTESTINO DELGADO LOCAL SALVO DUODENO
183;45.41;ESCISION INTESTINO GRUESO LOCAL
184;45.42;POLIPECTOMIA INTESTINO GRUESO ENDOSCOPICA
185;45.50;AISLAMIENTO SEGMENTO INTESTINO.NEOM
186;45.51;AISLAMIENTO SEGMENTO INTESTINO DELGADO
187;45.61;RESECCION INTESTINO DELGADO SEGMENTARIA MULTIPLE
188;45.62;RESECCION INTESTINO DELGADO PARCIAL OTRA
189;45.72;CECECTOMIA
190;45.73;HEMICOLECTOMIA DERECHA
191;45.74;RESECCION COLON TRANSVERSO
192;45.75;HEMICOLECTOMIA IZQUIERDA
193;45.76;SIGMOIDECTOMIA
194;45.79;RESECCION INTESTINO GRUESO PARCIAL.OTRA
195;45.81;COLECTOMIA TOTAL INTRAABDOMINAL.LAPAROSCOPICA
196;45.82;COLECTOMIA TOTAL INTRAABDOMINAL.ABIERTA
197;45.90;ANASTOMOSIS INTESTINO.NEOM
198;45.91;ANASTOMOSIS INTESTINO DELGADO A INTESTINO DELGADO
199;45.92;ANASTOMOSIS INTESTINO DELGADO A MUÑON RECTO
200;45.93;ANASTOMOSIS INTESTINO DELGADO A INTESTINO GRUESO
201;45.94;ANASTOMOSIS INTESTINO GRUESO A INTESTINO GRUESO
202;46.01;EXTERIORIZACION INTESTINO DELGADO
203;46.03;EXTERIORIZACION INTESTINO GRUESO
204;46.10;COLOSTOMIA.NEOM
205;46.11;COLOSTOMIA.TEMPORAL
206;46.13;COLOSTOMIA.PERMANENTE
207;46.20;ILEOSTOMIA.NEOM
208;46.21;ILEOSTOMIA.TEMPORAL
209;46.23;ILEOSTOMIA.PERMANENTE OTRA
210;46.31;APERTURA RETARDADA ENTEROSTOMIA OTRA
211;46.39;ENTEROSTOMIA.OTRA
212;46.40;REVISION ESTOMA INTESTINO.NEOM
213;46.41;REVISION ESTOMA INTESTINO DELGADO
214;46.42;REPARACION HERNIA PARACOLOSTOMICA
215;46.43;REVISION ESTOMA INTESTINO GRUESO OTRA
216;46.51;CIERRE ESTOMA INTESTINO DELGADO
217;46.52;CIERRE ESTOMA INTESTINO GRUESO
218;46.71;SUTURA DUODENO
219;46.72;CIERRE FISTULA DUODENO
220;46.73;SUTURA INTESTINO DELGADO SALVO DUODENO
221;46.74;CIERRE FISTULA INTESTINO DELGADO SALVO DUODENO
222;46.75;SUTURA INTESTINO GRUESO
223;46.79;REPARACION INTESTINO.OTRA
224;46.82;MANIPULACION INTRABDOMINAL INTESTINO GRUESO
225;46.85;DILATACION INTESTINO
226;46.93;REVISION ANASTOMOSIS INTESTINO DELGADO
227;47.01;APENDICECTOMIA.LAPAROSCOPICA
228;47.09;APENDICECTOMIA.OTRA
229;47.19;APENDICECTOMIA INCIDENTAL.OTRA
230;47.2;DRENAJE ABSCESO APENDICE
231;48.1;RECTOSTOMIA
232;48.24;BIOPSIA RECTO CERRADA ENDOSCOPICA
233;48.25;BIOPSIA RECTO OTRA
234;48.35;ESCISION RECTO LOCAL
235;48.36;POLIPECTOMIA RECTO ENDOSCOPICA
236;48.51;RESECCION RECTO ABDOMINOPERINEAL.LAPAROSCOPICA
237;48.62;RESECCION RECTO ANTERIOR CON COLOSTOMIA SIMULTANEA
238;48.63;RESECCION RECTO ANTERIOR OTRA
239;48.69;RESECCION RECTO.OTRA
240;48.71;SUTURA RECTO
241;48.73;CIERRE FISTULA RECTO OTRO
242;48.74;RECTO
243;48.76;RECTOPEXIA OTRA
244;48.79;REPARACION RECTO.OTRA
245;48.81;INCISION TEJIDO PERIRRECTAL
246;49.01;DRENAJE ABSCESO PERIANAL
247;49.02;INCISION TEJIDO PERIANAL OTRA
248;49.11;FISTULOTOMIA ANO
249;49.12;FISTULECTOMIA ANO
250;49.22;BIOPSIA TEJIDO PERIANAL
251;49.39;ESCISION ANO LOCAL.OTRA
252;49.45;LIGADURA HEMORROIDES
253;49.46;HEMORROIDECTOMIA
254;49.47;EVACUACION HEMORROIDES TROMBOSADA
255;49.6;ESCISION ANO
256;49.93;INCISION ANO OTRA
257;50.0;HEPATOTOMIA
258;50.11;BIOPSIA HIGADO PERCUTANEA
259;50.12;BIOPSIA HIGADO OTRA
260;50.14;BIOPSIA HIGADO LAPAROSCOPICA
261;50.19;PROCEDIMIENTO DIAGNOSTICO HIGADO.OTRO
262;50.22;HEPATECTOMIA PARCIAL
263;50.25;ABLACION LAPAROSCOPICA LESION O TEJIDO HIGADO
264;50.29;ESCISION HIGADO LOCAL OTRA
265;50.4;HEPATECTOMIA TOTAL
266;50.61;SUTURA HIGADO
267;50.69;REPARACION HIGADO.OTRA
268;51.03;COLECISTOSTOMIA OTRA
269;51.10;COLANGIOPANCREATOGRAFIA RETROGRADA ENDOSCOPICA [CPRE]
270;51.12;BIOPSIA VESICULA BILIAR O VIA BILIAR CERRADA [PERCUTANEA]
271;51.13;BIOPSIA VESICULA BILIAR O VIA BILIAR ABIERTA
272;51.14;BIOPSIA VIA BILIAR CERRADA [ENDOSCOPICA] OTRA
273;51.21;COLECISTECTOMIA PARCIAL OTRA
274;51.22;COLECISTECTOMIA ABIERTA
275;51.23;COLECISTECTOMIA LAPAROSCOPICA
276;51.24;COLECISTECTOMIA PARCIAL LAPAROSCOPICA
277;51.32;ANASTOMOSIS VESICULA BILIAR A INTESTINO
278;51.34;ANASTOMOSIS VESICULA BILIAR A ESTOMAGO
279;51.37;ANASTOMOSIS CONDUCTO HEPATICO A TUBO DIGESTIVO
280;51.39;ANASTOMOSIS VIA BILIAR.OTRA
281;51.41;EXPLORACION VIA BILIAR PARA EXTRACCION CALCULO
282;51.43;INTUBACION COLEDOCOHEPATICA PARA DESCOMPRESION
283;51.49;INCISION VIA BILIAR DESOBSTRUCCION OTRA
284;51.51;EXPLORACION VIA BILIAR PRINCIPAL
285;51.69;ESCISION OTRA VIA BILIAR
286;51.71;SUTURA VIA BILIAR PRINCIPAL
287;51.79;REPARACION VIA BILIAR.OTRA
288;51.84;DILATACION VIA BILIAR ENDOSCOPICA
289;51.85;ESFINTEROTOMIA Y PAPILOTOMIA BILIAR ENDOSCOPICA
290;51.87;INSERCION TUBO CONDUCTO BILIAR ENDOSCOPICA
291;51.88;EXTRACCION CALCULO VIA BILIAR ENDOSCOPICA
292;51.95;EXTRACCION PROTESIS VIA BILIAR
293;51.99;OPERACION VIA BILIAR.OTRA
294;52.09;PANCREATOTOMIA.OTRA
295;52.12;BIOPSIA PANCREAS ABIERTA
296;52.52;PANCREATECTOMIA DISTAL
297;52.53;PANCREATECTOMIA SUBTOTAL RADICAL
298;52.6;PANCREATECTOMIA TOTAL
299;52.7;PANCREATICODUODENECTOMIA RADICAL (WHIPPLE)
300;52.93;INSERCION SONDA CONDUCTO PANCREAS
301;52.95;REPARACION PANCREAS OTRA
302;52.96;ANASTOMOSIS PANCREAS
303;53.00;REPARACION HERNIA INGUINAL UNILATERAL.NEOM
304;53.01;REPARACION HERNIA INGUINAL DIRECTA ABIERTA Y OTRA
305;53.03;REPARACION HERNIA INGUINAL DIRECTA CON INJERTO ABIERTA Y OTRA
306;53.04;REPARACION HERNIA INGUINAL INDIRECTA CON INJERTO ABIERTA Y OTRA
307;53.05;REPARACION HERNIA INGUINAL CON INJERTO NEOM
308;53.10;REPARACION HERNIA INGUINAL BILATERAL.NEOM
309;53.15;REPARACION HERNIA INGUINAL BILATERAL INDIRECTA CON INJERTO ABIERTA Y OTRA
310;53.16;REPARACION HERNIA INGUINAL BILATERAL DIRECTA E INDIRECTA CON INJERTO ABIERTA Y OTRA
311;53.17;REPARACION HERNIA INGUINAL BILATERAL CON INJERTO NEOM
312;53.21;REPARACION HERNIA CRURAL UNILATERAL.CON INJERTO
313;53.29;REPARACION HERNIA CRURAL UNILATERAL.OTRA
314;53.41;REPARACION HERNIA UMBILICAL CON INJERTO ABIERTA Y OTRA
315;53.42;REPARACION HERNIA UMBILICAL CON INJERTO LAPAROSCOPICA
316;53.43;REPARACION HERNIA UMBILICAL LAPAROSCOPICA OTRA
317;53.49;REPARACION HERNIA UMBILICAL ABIERTA OTRA
318;53.51;REPARACION HERNIA INCISIONAL SIN INJERTO
319;53.59;REPARACION HERNIA PARED ABDOMEN SIN INJERTO.OTRA
320;53.61;REPARACION HERNIA INCISIONAL CON INJERTO ABIERTA Y OTRA
321;53.62;REPARACION HERNIA INCISIONAL CON INJERTO LAPAROSCOPICA
322;53.69;REPARACION HERNIA PARED ABDOMEN ANTERIOR CON INJERTO OTRA
323;53.71;REPARACION HERNIA DIAFRAGMATICA ABORDAJE ABDOMINAL.LAPAROSCOPICA
324;53.72;REPARACION HERNIA DIAFRAGMATICA ABORDAJE ABDOMINAL.ABIERTA Y OTRA
325;53.75;REPARACION HERNIA DIAFRAGMATICA ABORDAJE ABDOMINAL.NEOM
326;53.80;REPARACION HERNIA DIAFRAGMATICA ABORDAJE TORACICO.NEOM
327;53.81;PLICATURA DIAFRAGMATICA
328;53.9;REPARACION HERNIA OTRA
329;54.0;INCISION PARED ABDOMEN
330;54.11;LAPAROTOMIA EXPLORATORIA
331;54.12;REAPERTURA LAPAROTOMIA RECIENTE
332;54.19;LAPAROTOMIA.OTRA
333;54.21;LAPAROSCOPIA
334;54.23;BIOPSIA PERITONEO
335;54.24;BIOPSIA MASA INTRAABDOMINAL PERCUTANEA
336;54.25;LAVADO PERITONEAL
337;54.4;ESCISION PERITONEO LOCAL
338;54.51;LISIS ADHERENCIA PERITONEO.LAPAROSCOPICA
339;54.59;LISIS ADHERENCIA PERITONEO.OTRA
340;54.61;CIERRE DEHISCENCIA PARED ABDOMEN POSTOPERATORIA
341;54.62;CIERRE DIFERIDO HERIDA ABDOMEN EN GRANULACION
342;54.63;SUTURA PARED ABDOMEN.OTRA
343;54.64;SUTURA PERITONEO
344;54.72;REPARACION PARED ABDOMEN OTRA
345;54.73;REPARACION PERITONEO OTRA
346;54.75;REPARACION MESENTERIO OTRA
347;54.91;DRENAJE ABDOMEN PERCUTANEO
348;54.98;DIALISIS PERITONEAL
349;54.99;OPERACION REGION ABDOMEN.OTRA
350;55.01;NEFROTOMIA
351;55.02;NEFROSTOMIA
352;55.03;NEFROSTOMIA PERCUTANEA SIN FRAGMENTACION
353;55.04;NEFROSTOMIA PERCUTANEA CON FRAGMENTACION
354;55.11;PIELOTOMIA
355;55.31;MARSUPIALIZACION LESION RIÑON
356;55.4;NEFRECTOMIA PARCIAL
357;55.51;NEFROURETERECTOMIA
358;55.52;NEFRECTOMIA RIÑON UNICO
359;55.54;NEFRECTOMIA BILATERAL
360;55.81;SUTURA RIÑON
361;55.82;CIERRE NEFROSTOMIA Y PIELOSTOMIA
362;55.87;CORRECCION UNION URETEROPELVICA
363;55.93;SUSTITUCION TUBO NEFROSTOMIA
364;56.0;DESOBSTRUCCION TRANSURETRAL URETER Y PELVIS RIÑON
365;56.2;URETEROTOMIA
366;56.31;URETEROSCOPIA
367;56.51;FORMACION ILEOURETEROSTOMIA CUTANEA
368;56.82;SUTURA URETER
369;56.89;REPARACION URETER.OTRA
370;57.0;DRENAJE TRANSURETRAL VEJIGA
371;57.17;CISTOSTOMIA PERCUTANEA
372;57.18;CISTOSTOMIA SUPRAPUBICA OTRA
373;57.19;CISTOTOMIA.OTRA
374;57.32;CISTOSCOPIA OTRA
375;57.33;BIOPSIA VEJIGA CERRADA TRANSURETRAL
376;57.49;ESCISION VEJIGA LOCAL TRANSURETRAL.OTRA
377;57.59;ESCISION VEJIGA LOCAL ABIERTA.OTRA
378;57.6;CISTECTOMIA PARCIAL
379;57.71;CISTECTOMIA RADICAL
380;57.81;SUTURA VEJIGA
381;57.89;REPARACION VEJIGA.OTRA
382;57.93;CONTROL HEMORRAGIA VEJIGA POSTOPERATORIA
383;57.94;SONDAJE URINARIO PERMANENTE
384;57.95;SUSTITUCION SONDA URINARIA PERMANENTE
385;58.0;URETROTOMIA
386;58.39;ESCISION URETRA LOCAL.OTRA
387;58.49;REPARACION URETRA.OTRA
388;58.5;LIBERACION ESTENOSIS URETRA
389;58.6;DILATACION URETRA
390;58.99;OPERACION URETRA Y TEJIDO PERIURETRAL.OTRA
391;59.00;DISECCION TEJIDO RETROPERITONEAL.NEOM
392;59.02;LISIS ADHERENCIA PERIRRENAL O PERIURETERAL OTRA
393;59.4;SUSPENSION URETRA SUPRAPUBICA
394;59.5;SUSPENSION URETRA RETROPUBICA
395;59.79;REPARACION INCONTINENCIA ORINA.OTRA
396;59.8;CATETERISMO URETER
397;59.94;SUSTITUCION TUBO CISTOSTOMIA
398;59.99;OPERACION APARATO URINARIO.OTRA
399;60.29;PROSTATECTOMIA TRANSURETRAL.OTRA
400;60.3;PROSTATECTOMIA SUPRAPUBICA
401;60.5;PROSTATECTOMIA RADICAL
402;60.61;ESCISION PROSTATA LOCAL
403;61.0;INCISION ESCROTO Y TUNICA VAGINAL Y DRENAJE
404;61.2;REPARACION HIDROCELE (TUNICA VAGINAL)
405;61.49;REPARACION ESCROTO Y TUNICA VAGINAL.OTRA
406;62.12;BIOPSIA TESTICULO OTRA
407;62.3;ORQUIECTOMIA UNILATERAL
408;62.41;ESCISION TESTICULO BILATERAL EN UNA INTERVENCION
409;62.5;ORQUIDOPEXIA
410;63.1;ESCISION VARICOCELE E HIDROCELE CORDON ESPERMATICO
411;64.0;CIRCUNCISION
412;64.2;ESCISION PENE LOCAL
413;65.09;OOFOROTOMIA.OTRA
414;65.12;BIOPSIA OVARIO OTRA
415;65.21;MARSUPIALIZACION QUISTE OVARIO
416;65.23;MARSUPIALIZACION QUISTE OVARIO LAPAROSCOPICA
417;65.25;ESCISION OVARIO LOCAL LAPAROSCOPICA OTRA
418;65.29;ESCISION OVARIO LOCAL.OTRA
419;65.31;OOFORECTOMIA UNILATERAL.LAPAROSCOPICA
420;65.39;OOFORECTOMIA UNILATERAL.OTRA
421;65.41;SALPINGOOFORECTOMIA UNILATERAL.LAPAROSCOPICA
422;65.49;SALPINGOOFORECTOMIA UNILATERAL.OTRA
423;65.51;OOFORECTOMIA BILATERAL EN UNA INTERVENCION OTRA
424;65.52;OOFORECTOMIA OVARIO UNICO OTRA
425;65.53;OOFORECTOMIA BILATERAL EN UNA INTERVENCION LAPAROSCOPICA
426;65.61;SALPINGOOFORECTOMIA BILATERAL EN UNA INTERVENCION OTRA
427;65.62;SALPINGOOFORECTOMIA OVARIO Y TROMPA UNICA OTRA
428;65.63;SALPINGOOFORECTOMIA BILATERAL EN UNA LAPAROSCOPIA
429;65.64;SALPINGOOFORECTOMIA OVARIO Y TROMPA UNICA LAPAROSCOPICA
430;65.79;REPARACION OVARIO.OTRA
431;65.81;LISIS ADHERENCIA OVARIO Y TROMPA DE FALOPIO LAPAROSCOPICA
432;65.89;LISIS AHDERENCIA OVARIO Y TROMPA DE FALOPIO OTRA
433;65.91;ASPIRACION OVARIO
434;65.95;REDUCCION TORSION OVARIO
435;65.99;OPERACION OVARIO.OTRA
436;66.01;SALPINGOTOMIA
437;66.02;SALPINGOSTOMIA
438;66.11;BIOPSIA TROMPA DE FALOPIO
439;66.21;LIGADURA TROMPA DE FALOPIO BILATERAL ENDOSCOPICA
440;66.29;OCLUSION TROMPA DE FALOPIO BILATERAL ENDOSCOPICA.OTRA
441;66.31;LIGADURA TROMPA DE FALOPIO BILATERAL OTRA
442;66.32;SECCION TROMPA DE FALOPIO BILATERAL OTRA
443;66.39;OCLUSION TROMPA DE FALOPIO BILATERAL.OTRA
444;66.4;SALPINGECTOMIA UNILATERAL TOTAL
445;66.51;SALPINGECTOMIA BILATERAL EN UNA INTERVENCION
446;66.52;SALPINGECTOMIA TROMPA DE FALOPIO UNICA
447;66.62;SALPINGECTOMIA CON EXTRACCION EMBARAZO TUBARICO
448;66.63;SALPINGECTOMIA PARCIAL BILATERAL NEOM
449;66.69;SALPINGECTOMIA PARCIAL OTRA
450;66.92;OCLUSION TROMPA DE FALOPIO UNILATERAL
451;67.11;BIOPSIA ENDOCERVICAL UTERO
452;67.19;PROCEDIMIENTO DIAGNOSTICO CERVIX.OTRO
453;67.2;CONIZACION CERVIX
454;67.32;ESCISION CERVIX LOCAL POR CAUTERIZACION
455;67.33;ESCISION CERVIX LOCAL POR CRIOCIRUGIA
456;67.39;ESCISION CERVIX LOCAL OTRA.OTRA
457;67.59;REPARACION ORIFICIO CERVICAL INTERNO.OTRA
458;68.11;EXPLORACION DIGITAL UTERO
459;68.12;HISTEROSCOPIA
460;68.16;BIOPSIA UTERO CERRADA
461;68.19;PROCEDIMIENTO DIAGNOSTICO UTERO Y ESTRUCTURA SOPORTE.OTRO
462;68.23;ESCISION ENDOMETRIO
463;68.29;ESCISION UTERO LOCAL.OTRA
464;68.31;HISTERECTOMIA SUPRACERVICAL LAPAROSCOPICA
465;68.39;HISTERECTOMIA ABDOMINAL SUBITOTAL.OTRA Y NEOM
466;68.41;HISTERECTOMIA ABDOMINAL TOTAL.LAPAROSCOPICA
467;68.49;HISTERECTOMIA TOTAL.OTRA Y NEOM
468;68.59;HISTERECTOMIA VAGINAL OTRA
469;68.61;HISTERECTOMIA ABDOMINAL RADICAL.LAPAROSCOPICA
470;68.69;HISTERECTOMIA ABDOMINAL RADICAL.OTRA Y NEOM
471;68.9;HISTERECTOMIA OTRA Y NEOM
472;69.02;LEGRADO Y DILATACION UTERO POSTPARTO O TRAS ABORTO
473;69.09;LEGRADO Y DILATACION UTERO.OTRA
474;69.19;ESCISION UTERO Y ESTRUCTURA SOPORTE LOCAL.OTRA
475;69.22;SUSPENSION UTERO OTRA
476;69.29;REPARACION UTERO Y ESTRUCTURA SOPORTE OTRA
477;69.41;SUTURA UTERO
478;69.49;REPARACION UTERO.OTRA
479;69.52;LEGRADO POR ASPIRACION UTERO POSTPARTO Y TRAS ABORTO
480;69.59;LEGRADO POR ASPIRACION UTERO.OTRO
481;69.96;EXTRACCION MATERIAL CERCLAJE CERVIX
482;69.97;EXTRACCION CUERPO EXTRAÑO PENETRANTE CERVIX
483;69.99;OPERACION CERVIX Y UTERO OTRA
484;70.0;CULDOCENTESIS
485;70.21;VAGINOSCOPIA
486;70.29;PROCEDIMIENTO DIAGNOSTICO VAGINA Y FONDO DE SACO VAGINA.OTRO
487;70.50;REPARACION CISTOCELE Y RECTOCELE
488;70.51;REPARACION CISTOCELE
489;70.52;REPARACION RECTOCELE
490;70.54;REPARACION CISTOCELE CON INJERTO O PROTESIS
491;70.71;SUTURA VAGINA
492;70.73;REPARACION FISTULA RECTOVAGINAL
493;70.79;REPARACION VAGINA.OTRA
494;70.8;OCLUSION BOVEDA VAGINA
495;70.91;OPERACION VAGINA OTRA
496;70.92;OPERACION FONDO DE SACO VAGINA OTRA
497;71.09;INCISION VULVA Y PERINEO.OTRA
498;71.11;BIOPSIA VULVA
499;71.22;INCISION GLANDULA DE BARTHOLINO (QUISTE)
500;71.23;MARSUPIALIZACION GLANDULA DE BARTHOLINO (QUISTE)
501;71.24;ESCISION GLANDULA DE BARTHOLINO (QUISTE)
502;71.3;ESCISION VULVA Y PERINEO LOCAL OTRA
503;71.61;VULVECTOMIA UNILATERAL
504;71.62;VULVECTOMIA BILATERAL
505;71.79;REPARACION VULVA Y PERINEO.OTRA
506;71.8;OPERACION VULVA OTRA
507;72.0;PARTO CON FORCEPS BAJO
508;72.1;PARTO CON FORCEPS BAJO CON EPISIOTOMIA
509;72.31;PARTO CON FORCEPS ALTO CON EPISIOTOMIA
510;72.39;PARTO CON FORCEPS ALTO.OTRO
511;72.8;PARTO INSTRUMENTAL OTRO
512;72.9;PARTO INSTRUMENTAL NEOM
513;73.01;INDUCCION PARTO POR ROTURA ARTIFICIAL MEMBRANA
514;73.09;ROTURA ARTIFICIAL MEMBRANA.OTRA
515;73.1;INDUCCION QUIRURGICA PARTO OTRA
516;73.4;INDUCCION MEDICA PARTO
517;73.59;PARTO ASISTIDO MANUALMENTE.OTRO
518;73.6;EPISIOTOMIA
519;73.91;VERSION EXTERNA PARTO
520;73.99;OPERACION ASISTENCIA PARTO.OTRA
521;74.0;CESAREA CLASICA
522;74.1;CESAREA CERVICAL BAJA
523;74.3;EXTRACCION EMBRION INTRAPERITONEAL
524;75.1;AMNIOCENTESIS DIAGNOSTICA
525;75.32;ELECTROCARDIOGRAFIA FETO
526;75.34;MONITORIZACION FETO OTRA
527;75.4;EXTRACCION PLACENTA RETENIDA MANUAL
528;75.50;REPARACION DESGARRO OBSTETRICO ACTUAL UTERO.NEOM
529;75.69;REPARACION DESGARRO OBSTETRICO ACTUAL OTRO.OTRO
530;75.7;EXPLORACION CAVIDAD UTERO MANUAL TRAS PARTO
531;75.92;EVACUACION OTRO HEMATOMA VULVA Y VAGINA
532;75.94;REPOSICION MANUAL UTERO INVERTIDO POSTPARTO
533;75.99;OPERACION OBSTETRICA.OTRA
534;76.93;REDUCCION CERRADA LUXACION TEMPOROMANDIBULAR
535;77.11;INCISION HUESO SIN DIVISION.ESCAPULA,CLAVICULA Y TORAX
536;77.31;SECCION HUESO.ESCAPULA,CLAVICULA Y TORAX
537;77.35;SECCION HUESO.FEMUR
538;77.38;SECCION HUESO.TARSO Y METATARSO
539;77.99;OSTECTOMIA TOTAL.OTRA
540;80.99;ESCISION ARTICULACION OTRA.OTRA
541;81.85;REPARACION CODO OTRA
542;82.12;FASCIOTOMIA MANO
543;83.14;FASCIOTOMIA
544;83.39;ESCISION TEJIDO BLANDO LOCAL OTRA
545;83.45;MIECTOMIA OTRA
546;83.49;ESCISION TEJIDO BLANDO OTRA
547;83.64;SUTURA TENDON OTRA
548;83.65;SUTURA MUSCULO O FASCIA OTRA
549;83.82;INJERTO MUSCULO O FASCIA
550;84.01;AMPUTACION DEDO MANO
551;84.03;AMPUTACION A NIVEL MANO
552;84.11;AMPUTACION DEDO PIE
553;84.12;AMPUTACION A NIVEL PIE
554;84.13;DESARTICULACION TOBILLO
555;84.14;AMPUTACION A NIVEL MALEOLO TIBIA Y PERONE
556;84.15;AMPUTACION DEBAJO RODILLA OTRA
557;84.17;AMPUTACION ENCIMA RODILLA
558;84.3;REVISION MUÑON AMPUTACION
559;85.0;MASTOTOMIA
560;85.12;BIOPSIA MAMA OTRA
561;85.20;ESCISION MAMA NEOM
562;85.21;ESCISION MAMA LOCAL
563;85.23;MASTECTOMIA SUBTOTAL
564;85.31;MAMOPLASTIA REDUCCION UNILATERAL
565;85.32;MAMOPLASTIA REDUCCION BILATERAL
566;85.41;MASTECTOMIA SIMPLE UNILATERAL
567;85.43;MASTECTOMIA SIMPLE AMPLIADA UNILATERAL
568;85.44;MASTECTOMIA SIMPLE AMPLIADA BILATERAL
569;85.45;MASTECTOMIA RADICAL UNILATERAL
570;85.47;MASTECTOMIA RADICAL AMPLIADA UNILATERAL
571;85.53;IMPLANTACION PROTESIS MAMA UNILATERAL
572;85.54;IMPLANTACION PROTESIS MAMA BILATERAL
573;85.6;MASTOPEXIA
574;85.70;RECONSTRUCCION TOTAL MAMA.NEOM
575;85.84;INJERTO PEDICULADO MAMA
576;85.89;MAMOPLASTIA OTRA
577;85.94;EXTRACCION IMPLANTE MAMA
578;86.01;ASPIRACION PIEL Y TEJIDO SUBCUTANEO
579;86.03;INCISION QUISTE O SENO PILONIDAL
580;86.04;INCISION PIEL Y TEJIDO SUBCUTANEO CON DRENAJE OTRA
581;86.05;EXTRACCION CUERPO EXTRAÑO PIEL Y SUBCUTANEO POR INCISION
582;86.07;INSERCION DISPOSITIVO ACCESO VASCULAR TOTALMENTE IMPLANTABLE
583;86.09;INCISION PIEL Y TEJIDO SUBCUTANEO.OTRA
584;86.11;BIOPSIA PIEL Y TEJIDO SUBCUTANEO
585;86.19;PROCEDIMIENTO DIAGNOSTICO PIEL Y TEJIDO SUBCUTANEO.OTRO
586;86.21;ESCISION QUISTE O SENO PILONIDAL
587;86.22;DESBRIDAMIENTO HERIDA,INFECCION O QUEMADURA ESCISIONAL
588;86.23;EXTRACCION UÑA,LECHO O PLIEGUE UÑA
589;86.26;LIGADURA APENDICE PIEL
590;86.28;DESBRIDAMIENTO HERIDA,INFECCION O QUEMADURA NO ESCISIONAL
591;86.3;ESCISION PIEL Y TEJIDO SUBCUTANEO LOCAL OTRA
592;86.4;ESCISION PIEL RADICAL
593;86.59;SUTURA PIEL Y TEJIDO SUBCUTANEO.OTRA
594;86.60;INJERTO PIEL LIBRE.NEOM
595;86.62;INJERTO PIEL MANO OTRO
596;86.66;HOMOINJERTO PIEL
597;86.67;INJERTO PIEL REGENERATIVO
598;86.69;INJERTO PIEL LIBRE.OTRO
599;86.70;INJERTO PIEL PEDICULADO.NEOM
600;86.71;PREPARACION INJERTO PIEL PEDICULADO
601;86.72;AVANCE INJERTO PIEL PEDICULADO
602;86.73;FIJACION INJERTO PIEL PEDICULADO MANO
603;86.74;FIJACION INJERTO PIEL PEDICULADO OTRO
604;86.75;REVISION INJERTO PIEL PEDICULADO
605;86.83;OPERACION PLASTICA REDUCCION TAMAÑO PIEL Y TEJIDO SUBCUTANEO
606;86.84;RELAJACION CICATRIZ O CONTRACTURA PIEL
607;86.87;INJERTO GRADA EN PIEL Y SUBCUTANEO
608;86.89;REPARACION PIEL Y TEJIDO SUBCUTANEO.OTRA
609;87.03;TOMOGRAFIA AXIAL COMPUTERIZADA CABEZA
610;87.09;RADIOGRAFIA TEJIDO BLANDO CARA,CABEZA Y CUELLO.OTRA
611;87.12;RADIOGRAFIA DENTAL OTRA
612;87.16;RADIOGRAFIA HUESO CARA OTRA
613;87.17;RADIOGRAFIA CRANEO OTRA
614;87.22;RADIOGRAFIA COLUMNA CERVICAL OTRA
615;87.24;RADIOGRAFIA COLUMNA LUMBOSACRA OTRA
616;87.37;MAMOGRAFIA OTRA
617;87.41;TOMOGRAFIA AXIAL COMPUTERIZADA TORAX
618;87.42;TOMOGRAFIA TORAX OTRA
619;87.43;RADIOGRAFIA COSTILLA,ESTERNON Y CLAVICULA
620;87.44;RADIOGRAFIA TORAX RUTINARIA
621;87.49;RADIOGRAFIA TORAX.OTRA
622;87.53;COLANGIOGRAFIA INTRAOPERATORIA
623;87.54;COLANGIOGRAFIA OTRA
624;87.71;TOMOGRAFIA AXIAL COMPUTERIZADA RIÑON
625;87.72;NEFROTOMOGRAFIA OTRA
626;87.74;PIELOGRAFIA RETROGRADA
627;87.75;PIELOGRAFIA PERCUTANEA
628;87.79;RADIOGRAFIA APARATO URINARIO.OTRA
629;88.01;TOMOGRAFIA AXIAL COMPUTERIZADA ABDOMEN
630;88.19;RADIOGRAFIA ABDOMEN.OTRA
631;88.21;RADIOGRAFIA HUESO HOMBRO Y BRAZO
632;88.22;RADIOGRAFIA HUESO CODO Y ANTEBRAZO
633;88.23;RADIOGRAFIA HUESO MUÑECA Y MANO
634;88.24;RADIOGRAFIA HUESO MIEMBRO SUPERIOR NEOM
635;88.26;RADIOGRAFIA HUESO PELVIS Y CADERA OTRA
636;88.27;RADIOGRAFIA HUESO MUSLO,RODILLA Y PIERNA
637;88.28;RADIOGRAFIA HUESO TOBILLO Y PIE
638;88.29;RADIOGRAFIA HUESO MIEMBRO INFERIOR NEOM
639;88.33;RADIOGRAFIA HUESO OTRA
640;88.37;RADIOGRAFIA TEJIDO BLANDO MIEMBRO INFERIOR OTRA
641;88.38;TOMOGRAFIA AXIAL COMPUTERIZADA OTRA
642;88.39;RADIOGRAFIA OTRA Y NEOM
643;88.40;ARTERIOGRAFIA CON CONTRASTE NEOM
644;88.41;ARTERIOGRAFIA ARTERIA CEREBRAL
645;88.42;ARTERIOGRAFIA AORTA
646;88.43;ARTERIOGRAFIA ARTERIA PULMONAR
647;88.44;ARTERIOGRAFIA ARTERIA INTRATORACICA OTRA
648;88.47;ARTERIOGRAFIA ARTERIA INTRABDOMINAL OTRA
649;88.48;ARTERIOGRAFIA ARTERIA FEMORAL Y MIEMBRO INFERIOR
650;88.49;ARTERIOGRAFIA OTRA
651;88.57;ARTERIOGRAFIA CORONARIA OTRA Y NEOM
652;88.65;FLEBOGRAFIA VENA INTRABDOMINAL OTRA
653;88.71;ECOENCEFALOGRAFIA
654;88.72;ECOCARDIOGRAFIA
655;88.73;ECOGRAFIA TORAX OTRA
656;88.74;ECOGRAFIA APARATO DIGESTIVO
657;88.75;ECOGRAFIA APARATO URINARIO
658;88.76;ECOGRAFIA ABDOMEN Y PERITONEO
659;88.77;ULTRASONOGRAFIA SISTEMA VASCULAR PERIFERICO
660;88.78;ECOGRAFIA UTERO GRAVIDO
661;88.79;ECOGRAFIA OTRA
662;88.84;TERMOGRAFIA MUSCULO
663;88.91;RESONANCIA MAGNETICA CEREBRO Y TRONCO CEREBRO
664;88.92;RESONANCIA MAGNETICA TORAX Y MIOCARDIO
665;88.93;RESONANCIA MAGNETICA CANAL ESPINAL
666;88.95;RESONANCIA MAGNETICA PELVIS,PROSTATA Y VEJIGA
667;88.97;RESONANCIA MAGNETICA OTRA Y NEOM
668;89.01;ENTREVISTA Y EVALUACION BREVE
669;89.02;ENTREVISTA Y EVALUACION LIMITADA
670;89.03;ENTREVISTA Y EVALUACION GLOBAL
671;89.05;ENTREVISTA Y EVALUACION NEOM
672;89.06;INTERCONSULTA LIMITADA
673;89.07;INTERCONSULTA GLOBAL
674;89.08;INTERCONSULTA OTRA
675;89.13;EXAMEN NEUROLOGICO
676;89.14;ELECTROENCEFALOGRAFIA
677;89.26;EXAMEN GINECOLOGICO
678;89.29;EXAMEN APARATO GENITOURINARIO.OTRO
679;89.31;EXAMEN DIENTE
680;89.34;EXAMEN DIGITAL RECTO
681;89.37;DETERMINACION CAPACIDAD VITAL
682;89.39;OTRAS MEDICIONES Y EXAMENES NO QUIRURGICOS
683;89.41;PRUEBA ESFUERZO CORAZON CON CINTA RODANTE
684;89.45;COMPROBACION REGIMEN MARCAPASOS CORAZON
685;89.50;MONITORIZACION CORAZON AMBULATORIA
686;89.51;ELECTROCARDIOGRAFIA DE RITMO
687;89.52;ELECTROCARDIOGRAFIA
688;89.54;MONITORIZACION ELECTROCARDIOGRAFICA
689;89.58;PLETISMOGRAFIA
690;89.59;EXAMEN CORAZON Y VASO NO QUIRURGICO.OTRO
691;89.61;MONITORIZACION PRESION ARTERIAL SISTEMICA
692;89.62;MONITORIZACION PRESION VENOSA CENTRAL
693;89.65;GASOMETRIA ARTERIA
694;89.66;GASOMETRIA VENA
695;89.7;EXAMEN FISICO GENERAL
696;90.01;EXAMEN MICROSCOPICO SISTEMA NERVIOSO.FROTIS BACTERIANO
697;90.02;EXAMEN MICROSCOPICO SISTEMA NERVIOSO.CULTIVO
698;90.03;EXAMEN MICROSCOPICO SISTEMA NERVIOSO.CULTIVO Y SENSIBILIDAD
699;90.09;EXAMEN MICROSCOPICO SISTEMA NERVIOSO.OTRO
700;90.22;EXAMEN MICROSCOPICO OJO.CULTIVO
701;90.23;EXAMEN MICROSCOPICO OJO.CULTIVO Y SENSIBILIDAD
702;90.29;EXAMEN MICROSCOPICO OJO.OTRO
703;90.32;EXAMEN MICROSCOPICO ORL.CULTIVO
704;90.33;EXAMEN MICROSCOPICO ORL.CULTIVO Y SENSIBILIDAD
705;90.35;EXAMEN MICROSCOPICO ORL.TOXICOLOGIA
706;90.39;EXAMEN MICROSCOPICO ORL.OTRO
707;90.41;EXAMEN MICROSCOPICO RESPIRATORIO.FROTIS BACTERIANO
708;90.42;EXAMEN MICROSCOPICO RESPIRATORIO.CULTIVO
709;90.43;EXAMEN MICROSCOPICO RESPIRATORIO.CULTIVO Y SENSIBILIDAD
710;90.49;EXAMEN MICROSCOPICO RESPIRATORIO.OTRO
711;90.51;EXAMEN MICROSCOPICO SANGRE.FROTIS BACTERIANO
712;90.52;EXAMEN MICROSCOPICO SANGRE.CULTIVO
713;90.53;EXAMEN MICROSCOPICO SANGRE.CULTIVO Y SENSIBILIDAD
714;90.59;EXAMEN MICROSCOPICO SANGRE.OTRO
715;90.69;EXAMEN MICROSCOPICO BAZO Y MEDULA OSEA.OTRO
716;90.81;EXAMEN MICROSCOPICO DIGESTIVO SUPERIOR.FROTIS BACTERIANO
717;90.84;EXAMEN MICROSCOPICO DIGESTIVO SUPERIOR.PARASITOLOGIA
718;90.89;EXAMEN MICROSCOPICO DIGESTIVO SUPERIOR.OTRO
719;90.91;EXAMEN MICROSCOPICO DIGESTIVO INFERIOR.FROTIS BACTERIANO
720;90.92;EXAMEN MICROSCOPICO DIGESTIVO INFERIOR.CULTIVO
721;90.93;EXAMEN MICROSCOPICO DIGESTIVO INFERIOR.CULTIVO Y SENSIBILIDAD
722;90.99;EXAMEN MICROSCOPICO DIGESTIVO INFERIOR.OTRO
723;91.02;EXAMEN MICROSCOPICO HEPATOBILIOPANCREATICO.CULTIVO
724;91.03;EXAMEN MICROSCOPICO HEPATOBILIOPANCREATICO.CULTIVO Y SENSIBILIDAD
725;91.09;EXAMEN MICROSCOPICO HEPATOBILIOPANCREATICO.OTRO
726;91.11;EXAMEN MICROSCOPICO PERITONEO.FROTIS BACTERIANO
727;91.12;EXAMEN MICROSCOPICO PERITONEO.CULTIVO
728;91.13;EXAMEN MICROSCOPICO PERITONEO.CULTIVO Y SENSIBILIDAD
729;91.19;EXAMEN MICROSCOPICO PERITONEO.OTRO
730;91.22;EXAMEN MICROSCOPICO URINARIO SUPERIOR.CULTIVO
731;91.23;EXAMEN MICROSCOPICO URINARIO SUPERIOR.CULTIVO Y SENSIBILIDAD
732;91.29;EXAMEN MICROSCOPICO URINARIO SUPERIOR.OTRO
733;91.31;EXAMEN MICROSCOPICO URINARIO INFERIOR.FROTIS BACTERIANO
734;91.32;EXAMEN MICROSCOPICO URINARIO INFERIOR.CULTIVO
735;91.33;EXAMEN MICROSCOPICO URINARIO INFERIOR.CULTIVO Y SENSIBILIDAD
736;91.39;EXAMEN MICROSCOPICO URINARIO INFERIOR.OTRO
737;91.42;EXAMEN MICROSCOPICO GENITAL FEMENINO.CULTIVO
738;91.43;EXAMEN MICROSCOPICO GENITAL FEMENINO.CULTIVO Y SENSIBILIDAD
739;91.49;EXAMEN MICROSCOPICO GENITAL FEMENINO.OTRO
740;91.52;EXAMEN MICROSCOPICO MUSCULOESQUELETICO.CULTIVO
741;91.53;EXAMEN MICROSCOPICO MUSCULOESQUELETICO.CULTIVO Y SENSIBILIDAD
742;91.59;EXAMEN MICROSCOPICO MUSCULOESQUELETICO.OTRO
743;91.62;EXAMEN MICROSCOPICO PIEL.CULTIVO
744;91.63;EXAMEN MICROSCOPICO PIEL.CULTIVO Y SENSIBILIDAD
745;91.69;EXAMEN MICROSCOPICO PIEL.OTRO
746;91.72;EXAMEN MICROSCOPICO HERIDA OPERATORIA.CULTIVO
747;91.73;EXAMEN MICROSCOPICO HERIDA OPERATORIA.CULTIVO Y SENSIBILIDAD
748;91.79;EXAMEN MICROSCOPICO HERIDA OPERATORIA.OTRO
749;91.82;EXAMEN MICROSCOPICO OTRO.CULTIVO
750;91.83;EXAMEN MICROSCOPICO OTRO.CULTIVO Y SENSIBILIDAD
751;91.89;EXAMEN MICROSCOPICO OTRO.OTRO
752;92.03;GAMMAGRAFIA Y ESTUDIO FUNCIONAL RIÑON (RADIONUCLEIDO)
753;92.14;GAMMAGRAFIA HUESO
754;92.18;GAMMAGRAFIA CUERPO ENTERO
755;92.33;RADIOCIRUGIA ACELERADOR PARTICULAS
756;93.01;EVALUACION FUNCIONAL
757;93.04;PRUEBA MANUAL FUNCION MUSCULAR
758;93.05;PRUEBA AMPLITUD MOVIMIENTO
759;93.09;FISIOTERAPIA DIAGNOSTICA.OTRA
760;93.11;EJERCICIO ASISTIDO
761;93.12;EJERCICIO ACTIVO MUSCULOESQUELETICO OTRO
762;93.13;EJERCICIO RESISTENCIA
763;93.14;ENTRENAMIENTO MOVIMIENTO ARTICULACION
764;93.17;EJERCICIO PASIVO MUSCULOESQUELETICO OTRO
765;93.18;EJERCICIO RESPIRATORIO
766;93.19;EJERCICIO FISIOTERAPIA NCOC
767;93.22;ENTRENAMIENTO MARCHA
768;93.23;COLOCACION ORTESIS
769;93.24;ENTRENAMIENTO USO PROTESIS U ORTESIS
770;93.27;ESTIRAMIENTO MUSCULO Y TENDON
771;93.39;FISIOTERAPIA OTRA
772;93.52;APLICACION SOPORTE CERVICAL
773;93.53;APLICACION ENYESADO OTRA
774;93.54;APLICACION FERULA
775;93.57;VENDAJE HERIDA OTRO
776;93.59;INMOVILIZACION,PRESION Y CUIDADO HERIDA.OTRA
777;93.74;ENTRENAMIENTO DEFECTO LENGUAJE
778;93.75;ENTRENAMIENTO Y TERAPIA HABLA OTRO
779;93.81;TERAPIA RECREATIVA
780;93.82;TERAPIA EDUCATIVA
781;93.83;TERAPIA OCUPACIONAL
782;93.84;MUSICOTERAPIA
783;93.89;REHABILITACION NCOC
784;93.90;RESPIRACION PRESION POSITIVA CONTINUA [RPPC]
785;93.91;RESPIRACION PRESION POSITIVA INTERMITENTE [RPPI]
786;93.93;RESUCITACION NO MECANICA
787;93.94;AEROSOLTERAPIA
788;93.96;ENRIQUECIMIENTO OXIGENO OTRO
789;93.98;CONTROL PRESION Y COMPOSICION ATMOSFERICA
790;93.99;TERAPIA RESPIRATORIA.OTRA
791;94.08;PRUEBA Y EVALUACION PSICOLOGICA.OTRA
792;94.09;DETERMINACION ESTADO MENTAL PSICOLOGICO NEOM
793;94.11;DETERMINACION ESTADO MENTAL PSIQUIATRICO
794;94.12;CONSULTA PSIQUIATRICA RUTINARIA NEOM
795;94.13;EVALUACION PSIQUIATRICA PARA INTERNAMIENTO
796;94.19;ENTREVISTA Y EVALUACION PSIQUIATRICA.OTRA
797;94.22;TERAPIA LITIO
798;94.25;TERAPIA PSIQUIATRICA FARMACOLOGICA OTRA
799;94.27;ELECTROCHOQUE OTRO
800;94.35;TERAPIA INTERVENCION EN CRISIS
801;94.39;PSICOTERAPIA INDIVIDUAL.OTRA
802;94.42;TERAPIA FAMILIAR
803;94.44;TERAPIA GRUPO OTRA
804;94.49;ASESORAMIENTO OTRO
805;94.52;ORIENTACION A CUIDADO PSIQUIATRICO POSTRATAMIENTO
806;94.64;REHABILITACION DROGA
807;94.65;DESINTOXICACION DROGA
808;95.09;EXAMEN OFTALMOLOGICO NEOM
809;95.11;RETINOGRAFIA
810;95.47;EXAMEN AUDICION NEOM
811;96.01;INTUBACION VIA AEREA NASOFARINGEA
812;96.04;INTUBACION ENDOTRAQUEAL
813;96.06;INTUBACION ESOFAGO CON SENGSTAKEN
814;96.07;INTUBACION NASOGASTRICA
815;96.08;INTUBACION NASOINTESTINAL
816;96.09;INTUBACION RECTO
817;96.27;REDUCCION HERNIA MANUAL
818;96.33;LAVADO ESTOMAGO
819;96.35;ALIMENTACION ESTOMAGO POR SONDA
820;96.36;IRRIGACION GASTROSTOMIA O ENTEROSTOMIA
821;96.37;RECTOCLISIS
822;96.38;EXTRACCION HECES IMPACTADAS
823;96.39;ENEMA TRANSANAL OTRO
824;96.43;INSTILACION TRACTO DIGESTIVO SALVO ALIMENTACION POR SONDA
825;96.47;IRRIGACION CISTOSTOMIA
826;96.48;IRRIGACION CATETER URINARIO PERMENENTE OTRA
827;96.49;INSTILACION GENITOURINARIA OTRA
828;96.51;IRRIGACION OJO
829;96.54;ELIMINACION SARRO Y PULIDO DIENTE
830;96.55;LIMPIEZA TRAQUEOSTOMIA
831;96.56;LAVADO BRONQUIO Y TRAQUEA OTRO
832;96.58;IRRIGACION CATETER HERIDA
833;96.59;IRRIGACION HERIDA OTRA
834;96.6;INFUSION ENTERAL SUSTANCIA NUTRITIVA CONCENTRADA
835;96.70;VENTILACION MECANICA CONTINUA OTRA.NEOM
836;96.71;VENTILACION MECANICA CONTINUA OTRA.INFERIOR A 96 HORAS
837;96.72;VENTILACION MECANICA CONTINUA OTRA.DURANTE 96 HORAS O MAS
838;97.02;SUSTITUCION SONDA GASTROSTOMIA
839;97.05;SUSTITUCION TUBO VIA BILIAR O CONDUCTO PANCREATICO
840;97.23;SUSTITUCION TUBO TRAQUEOSTOMIA
841;97.37;EXTRACCION TUBO TRAQUEOSTOMIA
842;97.41;EXTRACCION SONDA TORACOTOMIA O DRENAJE PLEURA
843;97.49;EXTRACCION DISPOSITIVO TORAX NO QUIRURGICO.OTRA
844;97.55;EXTRACCION SONDA HEPATOBILIAR EN T
845;97.56;EXTRACCION SONDA PANCREAS
846;97.59;EXTRACCION DISPOSITIVO DIGESTIVO NO QUIRURGICO.OTRA
847;97.62;EXTRACCION SONDA URETEROSTOMIA Y URETER
848;97.63;EXTRACCION SONDA CISTOSTOMIA
849;97.64;EXTRACCION DISPOSITIVO DRENAJE URINARIO OTRO
850;97.65;EXTRACCION SONDA STENT URETRAL
851;97.69;EXTRACCION DISPOSITIVO URINARIO NO QUIRURGICO.OTRA
852;97.71;EXTRACCION DISPOSITIVO INTRAUTERINO ANTICONCEPTIVO
853;97.79;EXTRACCION DISPOSITIVO APARATO GENITAL NO QUIRURGICO.OTRO
854;97.82;EXTRACCION DRENAJE PERITONEO
855;97.83;RETIRADA SUTURA PARED ABDOMEN
856;97.86;EXTRACCION DISPOSITIVO ABDOMEN NO QUIRURGICO OTRO
857;97.89;EXTRACCION DISPOSITIVO NO QUIRURGICO.OTRO
858;98.02;EXTRACCION CUERPO EXTRAÑO ESOFAGO SIN INCISION
859;98.05;EXTRACCION CUERPO EXTRAÑO RECTO SIN INCISION
860;98.19;EXTRACCION CUERPO EXTRAÑO URETRA SIN INCISION
861;98.20;EXTRACCION CUERPO EXTRAÑO NEOM SIN INCISION
862;98.22;EXTRACCION CUERPO EXTRAÑO CABEZA Y CUELLO SIN INCISION OTRA
863;98.51;LITOTRICIA POR ONDA DE CHOQUE EXTRACORPORAL.URINARIA
864;99.04;TRANSFUSION CONCENTRADO HEMATIES
865;99.05;TRANSFUSION PLAQUETAS
866;99.07;TRANSFUSION SUERO OTRA
867;99.08;TRANSFUSION EXPANSOR SANGUINEO
868;99.09;TRANSFUSION OTRA
869;99.10;INYECCION AGENTE TROMBOLITICO
870;99.11;INYECCION GAMMAGLOBULINA INMUNE RH
871;99.13;INMUNIZACION PARA ENF AUTOINMUNE
872;99.15;INFUSION PARENTERAL SUSTANCIA NUTRITIVA CONCENTRADA
873;99.16;INYECCION ANTIDOTO
874;99.17;INYECCION INSULINA
875;99.18;INYECCION ELECTROLITO
876;99.19;INYECCION ANTICOAGULANTE
877;99.21;INYECCION ANTIBIOTICO
878;99.22;INYECCION SUSTANCIA ANTIINFECCIOSA OTRA
879;99.23;INYECCION ESTEROIDE
880;99.24;INYECCION HORMONA OTRA
881;99.25;INYECCION QUIMIOTERAPICO NCOC
882;99.26;INYECCION TRANQUILIZANTE
883;99.29;INYECCION SUSTANCIA TERAPEUTICA O PROFILACTICA.OTRA
884;99.33;VACUNACION TUBERCULOSIS
885;99.36;ADMINISTRACION TOXOIDE DIFTERICO
886;99.37;VACUNACION TOSFERINA
887;99.38;ADMINISTRACION TOXOIDE TETANICO
888;99.39;VACUNACION DIFTERIA
889;99.44;VACUNACION RABIA
890;99.55;VACUNACION OTRA
891;99.56;ADMINISTRACION ANTITOXINA TETANICA
892;99.59;VACUNACION E INOCULACION OTRA
893;99.60;RESUCITACION CARDIOPULMONAR NEOM
894;99.62;CHOQUE ELECTRICO CORAZON OTRO
895;99.63;MASAJE CORAZON A TORAX CERRADO
896;99.69;CONVERSION RITMO CORAZON.OTRA
897;99.75;ADMINISTRACION AGENTE NEUROPROTECTOR
898;99.82;TERAPIA LUZ ULTRAVIOLETA
899;99.83;FOTOTERAPIA OTRA
900;99.84;AISLAMIENTO
901;99.96;RECOGIDA ESPERMA PARA INSEMINACION ARTIFICIAL
902;99.98;EXTRACCION LECHE MAMA MADRE LACTANTE
903;99.99;PROCEDIMIENTO MISCELANEO.OTRO